000817979,Bernard,Duffy,Bonnie,Ms.,SR
000361136,Carmen,Arnhart,Orville,Mr.,SR
000922422,Nellie,Livingston,Josefina,Ms.,SR
000896976,Allen,Holmes,Kenneth,Ms.,JR
000860200,Martha,Davis,Kenny,Mr.,SR
000031123,Kip,Harrison,Patrick,Mr.,JR
000750483,Daniel,Dodson,Glenn,Mr.,SR
000148897,Charlotte,Davidson,Hildegarde,Mr.,JR
000133867,Keith,Dunn,Marvin,Mr.,JR
000762449,Gladys,Breeden,Frederick,Mr.,JR
000217443,Gilbert,Reno,Nicholas,Mr.,JR
000224410,Hazel,Goulette,Elizabeth,Ms.,SR
000789049,David,Wideman,Randy,Mr.,JR
000928434,Amy,Brandenberger,Michael,Ms.,JR
000725985,Glenda,Harris,Allison,Ms.,SR
000675095,Irma,Murphy,Ray,Mrs.,SR
000409443,Candice,Ward,Elaine,Mr.,JR
000093815,Beverly,Chapman,Anna,Mr.,JR
000052305,Ruth,Bostick,Geneva,Ms.,JR
000456697,Brandon,Raybon,John,Mr.,SR
000148056,Michelle,Mccool,Mary,Mr.,JR
000798972,Carl,Nellis,Jonathan,Mr.,GR
000358448,John,Allen,David,Mr.,SR
000652287,Shirley,Combee,Letitia,Mr.,SR
000911162,James,Johnson,Paul,Mr.,JR
000361990,Richard,Perez,Michael,Mr.,JR
000590529,Paul,Craig,Bill,Ms.,SR
000171425,Joyce,Nelson,Michael,Ms.,SR
000665831,Edward,Strother,Kathy,Ms.,SR
000768345,Jamie,Lopez,Doris,Ms.,SO
000132577,Ruby,Livingston,Theresa,Ms.,JR
000395425,Peggy,Hollingsworth,Beverly,Mr.,SR
000412579,Geraldine,Boyd,Terry,Mr.,JR
000412154,Francisca,Hart,Bob,Mr.,SR
000344189,John,Seiter,Becky,Ms.,SR
000849427,Martina,Espinoza,Linda,Mr.,SR
000354438,Christopher,Gibson,Matthew,Mr.,JR
000019820,Richard,Marquez,Frances,Ms.,SR
000534577,Sonia,Peak,Max,Ms.,SR
000988235,Anita,Denning,Tina,Mr.,SR
000002245,Jamie,Ball,Marissa,Ms.,SR
000505001,Edith,Williams,Patrick,Mr.,SR
000272781,Guillermo,Castaneda,Dedra,Mr.,SR
000576907,Teresa,Durand,Jeffrey,Ms.,JR
000968890,Dwayne,Simcox,Joshua,Mr.,SR
000610977,William,Sammons,Marc,Ms.,SO
000712718,Michael,Weed,Colleen,Ms.,SO
000768908,Frederick,Taylor,Edward,Ms.,SO
000828464,Susan,Vanscoy,Larry,Ms.,SO
000115309,Sarah,Grigsby,Howard,Ms.,SO
000895779,Louis,Fulbright,Robert,Ms.,FR
000843104,Eloise,Stout,Tamara,Ms.,FR
000866525,Oscar,Spencer,Doris,Mr.,FR
000440967,Jeremy,Santiago,Tara,Ms.,SO
000761896,William,Sauer,Barbara,Ms.,SO
000170471,Irene,Rash,Timothy,Ms.,FR
000002778,Lindsey,West,Kimberly,Ms.,SO
000048782,Melita,Moody,William,Ms.,SO
000873700,Francisco,Huppert,Norma,Mr.,FR
000719569,Robert,Beier,Sharon,Ms.,SO
000608726,Sylvia,Anderson,Lowell,Mr.,SO
000545361,Jeffery,Gore,Joy,Ms.,SO
000858459,Wilma,Cooper,Anita,Mr.,JR
000278461,Randall,Gill,Chester,Ms.,SO
000972328,Jose,Guerra,Regina,Mr.,JR
000984019,Renay,Hunley,Sheila,Ms.,SO
000327761,Kathleen,Miller,John,Ms.,JR
000080400,Beatrice,Whiteside,Charles,Ms.,SO
000064497,Matthew,Ferguson,Lois,Mr.,SR
000855272,Cory,Bowen,Kristy,Ms.,SR
000925444,Antonio,Yunker,Sherwood,Ms.,SR
000028766,Robert,Edwards,Theresa,Ms.,SR
000630022,Roland,Harnden,Maria,Mr.,SR
000791597,Maurice,Robertson,Beverly,Mr.,SR
000122556,Dean,Reynolds,Robert,Ms.,SR
000014750,Elena,Kelly,Terry,Ms.,SR
000301674,Richard,Allen,John,Ms.,SR
000992072,Miquel,Oconnell,Jimmy,Mrs.,SR
000107060,Ross,Johnson,Robert,Ms.,SR
000974549,Vivian,Fuller,David,Ms.,SR
000167163,Robert,Pflieger,Marjorie,Ms.,SR
000523050,William,Nicholson,Patricia,Mr.,JR
000934422,Maureen,Paulino,Brian,Ms.,SR
000081362,Archie,Murray,John,Mr.,SR
000369817,Alice,Finan,David,Mr.,SR
000056386,Amy,Cahoon,Patrick,Mr.,SR
000193424,Horace,Evans,Louis,Mr.,SR
000275255,Randy,Hashimoto,Serena,Mr.,SR
000225844,Ralph,Sams,Tom,Mr.,JR
000201007,Matthew,Hackleman,Ernest,Mr.,SR
000891044,Joseph,Vaughn,Ronald,Ms.,SR
000101902,Dora,Campos,Brett,Mr.,JR
000623635,Adrienne,Flanagan,Galen,Ms.,JR
000163174,Bertha,Hart,Christopher,Ms.,JR
000095746,Jennifer,Gaylord,Mary,Mr.,SR
000769123,Joseph,Terrance,Andrew,Ms.,FR
000839957,Timothy,Lee,Richard,Ms.,SO
000688054,Rosa,Eberle,Bryan,Mr.,SO
000836709,Lee,Thibodeaux,Patrick,Ms.,SO
000453021,Magda,Thomason,Natasha,Ms.,JR
000108608,Colleen,Fletcher,Charles,Mr.,SO
000732745,Leona,Taylor,Phyllis,Mrs.,SR
000290495,Anthony,Joyce,Jared,Mr.,SO
000997514,Eva,Edwards,Brenda,Ms.,SR
000155185,Leon,Gray,Sadie,Ms.,SO
000491258,Seth,Madrigal,Beatrice,Ms.,JR
000980905,Richard,Pokorny,James,Mr.,SO
000016495,Joseph,Walker,Amy,Mr.,FR
000206198,Mary,Vasquez,Jessie,Ms.,SO
000047589,Lonnie,Armstrong,Christopher,Ms.,JR
000501522,David,Pasillas,Gerald,Ms.,JR
000308193,Joshua,Barrow,Marquis,Ms.,JR
000165725,John,Boulerice,Mildred,Mr.,JR
000776125,Nicholas,Stokes,Daniel,Mr.,SO
000971767,Carol,White,Austin,Mr.,SO
000025098,Jean,Dannenberg,Angela,Mrs.,JR
000118276,James,Carlson,Allison,Mr.,SO
000642303,Vera,Gutkowski,Paul,Mr.,FR
000994574,Mark,Quarles,Shelly,Mr.,FR
000932340,Francis,Pence,Magdalena,Mr.,SO
000736692,Matthew,Ford,Pearl,Mr.,SO
000055679,Darrell,Schriner,Milton,Ms.,JR
000019319,Luis,Bogacz,Edmund,Ms.,JR
000443999,Alana,Wilson,Aaron,Ms.,SR
000532765,Anitra,Duran,Thomas,Mr.,SR
000692097,Sherry,Linton,Carol,Ms.,JR
000386311,Billy,Mathews,Adam,Ms.,SO
000013934,Nikki,Lindsay,Jackie,Ms.,SO
000467766,James,Mosley,Yolanda,Mr.,JR
000562299,Jennifer,Davenport,Ashley,Ms.,SO
000515703,Eugene,Clouthier,Barry,Mr.,SR
000193317,Candace,Willis,Patricia,Mr.,SO
000941081,Charles,Foster,Felicia,Ms.,JR
000768144,Lawrence,Guzman,Reggie,Ms.,JR
000914296,Betty,Ortiz,Richard,Ms.,JR
000124845,Matthew,Kirch,Amanda,Mr.,JR
000098254,Mary,Asante,Enrique,Mr.,SR
000935460,Molly,Bell,Jeffrey,Ms.,SO
000852617,Antonetta,Sylvestre,Timothy,Ms.,SO
000650785,Sal,Wilkins,Bertha,Ms.,SO
000352749,Beverly,Johns,Nicholas,Mr.,SR
000720119,Laurette,Moyer,Kristin,Ms.,JR
000670776,Daniel,Velazquez,Rex,Mrs.,JR
000309252,Bryce,Lovejoy,Sandra,Mrs.,SO
000747552,Helen,Hooper,John,Ms.,JR
000252631,James,Mason,Helen,Mr.,JR
000488273,Marie,Duncan,Mildred,Mr.,SO
000205931,Pamela,Allen,Karen,Ms.,JR
000553114,Loretta,Beckham,Alta,Mr.,SR
000435747,Paul,Schmidt,Martin,Ms.,SR
000186435,Angela,Quinones,Anne,Ms.,SO
000797904,Jennifer,Bass,Arline,Mr.,SR
000510740,Mary,Duggan,Marion,Mr.,JR
000906061,Richard,Walker,Robert,Ms.,SO
000995893,Timothy,Palmieri,Debra,Ms.,SO
000645826,James,Ardizzone,Cheryl,Ms.,JR
000083529,Benny,Anderson,Jessie,Ms.,SO
000063485,Gene,Taylor,Karl,Ms.,JR
000075959,Nancy,Olivas,Esther,Ms.,SR
000230884,David,Fishman,Luisa,Ms.,SR
000298655,Carol,Conditt,Kirk,Mr.,GR
000486199,Diana,Plummer,Agnes,Mrs.,GR
000590631,Marjorie,Erwin,Rodger,Mr.,GR
000529996,Herbert,Davis,John,Dr.,GR
000226855,Leo,Neverson,Patricia,Dr.,GR
000446971,Richard,Brooks,Ashley,Dr.,GR
000930867,Lorie,Trotter,Crystal,Mr.,GR
000028739,Paul,Smith,Joyce,Dr.,GR
000641206,Frederick,Meixner,Peggy,Mr.,GR
000546692,Maria,Hamilton,Ethel,Mr.,GR
000337022,Holly,Ruble,Reed,Ms.,SR
000999173,Virginia,Malone,Roxanne,Ms.,SR
000333684,Joshua,Henderson,Ashley,Ms.,SR
000971486,David,Martinez,Charlotte,Mr.,JR
000099654,Dollie,Self,John,Mrs.,SR
000748014,Gary,Sisson,Timothy,Mr.,SO
000378392,Tom,Carrasco,Shirley,Mr.,SR
000532228,Penny,Austin,Ronald,Ms.,SR
000653168,Randy,Moscicki,Raymond,Ms.,JR
000943939,Douglas,Fitzpatrick,Robert,Mr.,SR
000252844,Robert,Stone,Richard,Mr.,SR
000491747,Joseph,Schlaefli,Eddie,Ms.,SR
000269924,Pauline,Holmes,Ernest,Ms.,JR
000256141,Sally,Tang,Hannah,Mr.,JR
000663631,Agnes,Leonard,Sheila,Mr.,SR
000491451,Lorraine,Ehsan,Brenna,Ms.,SR
000215685,Thomas,Tafel,Sandra,Ms.,SR
000566203,Danielle,Beltran,Marco,Ms.,SO
000380148,Ellen,Veyna,Sarah,Ms.,JR
000466892,Joseph,Dunbar,Larry,Ms.,SO
000200627,Steven,Fuhr,Romana,Mrs.,JR
000712175,Oscar,Brown,Nellie,Ms.,SO
000114631,Jack,Hilgert,Geoffrey,Ms.,SO
000245538,Erica,Turbyfill,Gregory,Ms.,SO
000559328,Florence,Slauson,Adam,Ms.,SO
000585997,Jose,Gonzalez,Tammy,Ms.,SO
000292136,James,Miller,Christina,Mrs.,SR
000930387,Elizabeth,Franco,Cara,Ms.,SO
000302106,Raymond,Cabrera,Brian,Mr.,JR
000376608,Pamela,Darling,Ann,Ms.,SO
000687187,Arthur,Davis,Sylvia,Ms.,JR
000472398,Jenna,Travis,Matt,Ms.,SO
000229964,Thelma,Sawin,Stephen,Ms.,SO
000463342,George,Creager,Joe,Ms.,SO
000477266,Brian,Reeder,Josephine,Ms.,JR
000647112,Ellen,Griffith,Stephanie,Ms.,SO
000552802,Liz,Molina,Maria,Ms.,SR
000575675,John,Petty,Marvella,Ms.,JR
000991059,Mary,Marmol,Felix,Mr.,SO
000227137,Lauryn,Estrada,Stephen,Ms.,SO
000841556,Erin,Thompson,Evelyn,Ms.,SR
000181566,George,Lanehart,Felix,Ms.,SO
000543645,Michael,North,Eric,Ms.,SR
000567574,Helen,Stupak,Karla,Ms.,SR
000860632,Jaclyn,Obrian,Chantel,Ms.,SR
000588130,Dorothy,Contrell,Paul,Ms.,SR
000502569,Mary,Favreau,Reed,Mrs.,SR
000115584,Fred,Roberts,Donald,Ms.,SR
000795974,Raymond,Cuevas,Jarvis,Ms.,SR
000877730,Miranda,Thomas,Jennifer,Ms.,SR
000370570,Harry,Ervin,Cecile,Ms.,SR
000697650,Derrick,Polcovich,Humberto,Ms.,JR
000631528,Paul,Higgins,Mary,Ms.,JR
000501143,Timothy,Swatzell,Charles,Ms.,JR
000824708,Eric,Combs,William,Ms.,SR
000198425,Wendy,Marburger,John,Ms.,SR
000539232,Richard,Palmer,Pat,Mrs.,GR
000540485,Walter,Nguyen,Krystle,Ms.,GR
000447980,Wallace,Rivera,Juanita,Ms.,GR
000095786,Scott,Randall,Jeff,Ms.,JR
000659973,Robert,Lenton,Jessica,Ms.,JR
000169534,James,Sugg,Robert,Mrs.,SR
000333613,James,Nicholson,Jeanine,Ms.,JR
000758295,Karen,Pope,Carol,Ms.,JR
000544699,Michael,Wilkinson,Sadie,Ms.,SR
000123095,Enrique,Balliew,Anthony,Ms.,JR
000084459,Dorethea,Imperato,Terry,Ms.,SR
000580503,Ann,Poore,Michele,Mrs.,SR
000887812,James,Klima,Marty,Ms.,JR
000151079,Mary,Colson,Alysa,Ms.,JR
000159691,Lorna,Hernandez,Adele,Ms.,SR
000131983,Vickie,Phillips,Martha,Ms.,JR
000418400,Lavonne,Derogatis,Lee,Ms.,SR
000568387,Luis,Lindsey,Melissa,Ms.,JR
000921374,Rachele,Hendrickson,Charles,Mrs.,JR
000664768,Vicki,Tackett,Thomas,Ms.,SR
000893107,Clara,Bailey,Stephen,Mr.,GR
000378004,Judy,Smith,Jack,Mr.,GR
000009198,Willie,Shepard,Terry,Mrs.,GR
000082059,Edward,Casey,Jessica,Mr.,GR
000501975,George,Vega,Carol,Mrs.,GR
000141498,Vivian,Schwebach,Bonita,Mr.,GR
000757969,David,Brown,Carmela,Mr.,GR
000690034,Lloyd,Clark,Ruth,Mr.,GR
000205228,Sandra,Miller,Lois,Mr.,SO
000063786,Liza,Foster,Elva,Ms.,SO
000190577,Debra,Puulei,Rose,Ms.,SR
000152838,John,Orcutt,Melissa,Ms.,JR
000564224,Thomas,James,Alicia,Ms.,SO
000439052,William,Beattie,Tracey,Ms.,SR
000279800,Josephina,Allison,Christi,Ms.,JR
000861125,Stephen,James,Jonathan,Ms.,JR
000004888,Kelli,Too,Margaret,Ms.,SO
000537917,Ralph,Cole,Christy,Ms.,JR
000855670,Francis,Green,Nadine,Mr.,SO
000347691,Albert,Howell,Kevin,Mr.,SO
000020812,James,Hicks,Diane,Mr.,JR
000862537,Linda,Gillis,Erna,Mr.,JR
000678825,Alexander,Smith,Katherine,Ms.,JR
000817125,John,Alton,Candice,Mr.,JR
000930122,Marcella,Gabbard,Joseph,Ms.,SO
000513297,James,Cortez,Mark,Ms.,SO
000305435,Lois,Dewitt,Esther,Mr.,SO
000437170,Gary,Hughes,Jason,Ms.,SO
000945785,Elizabeth,Knoy,James,Ms.,SO
000291107,George,Rushing,Monique,Ms.,FR
000428501,Norman,Russell,Thomas,Ms.,SO
000367101,George,Kimber,Doris,Ms.,SO
000052068,Edward,Offerdahl,Jose,Mr.,SO
000392296,Walter,Cousins,Jesse,Mr.,SO
000210594,Joseph,Mangone,Carol,Ms.,SO
000507232,William,Uribe,Annabelle,Ms.,SO
000618018,Rachel,Hailey,Loretta,Ms.,SO
000895618,Jack,Boyer,Johnnie,Mr.,SO
000235848,Joseph,Rogers,Edna,Ms.,SO
000613366,Gladys,Campbell,Ronald,Mr.,JR
000633808,Imogene,Broughton,Eva,Mr.,SO
000754517,Paul,Yacko,Chris,Mr.,SO
000982768,Harold,Boudreaux,Brandi,Ms.,JR
000228349,Rene,Traina,John,Mr.,SO
000331159,Richard,Barr,Linda,Ms.,JR
000976645,Benjamin,Earl,Lisa,Mr.,JR
000879953,Peter,Arno,Dennis,Ms.,SO
000493097,Rolland,Coronado,Justin,Mr.,SR
000360981,Bobby,Beatty,Joseph,Ms.,SO
000660421,Priscilla,Morris,Randy,Ms.,SR
000289542,Eleanor,Smart,Margaret,Ms.,SR
000825553,Ricardo,Benson,Timothy,Mr.,JR
000264322,Gerry,Catalan,David,Ms.,JR
000889341,Lauren,Mathis,Sara,Ms.,SO
000618321,Gail,Selvage,Robert,Mr.,SO
000874420,Eleanor,Kidd,Myra,Ms.,SR
000243944,Nicole,Haggerty,Jeanette,Mr.,SR
000529300,Kevin,Mccollum,Brandon,Ms.,SR
000513722,Dwight,Dorich,Raymond,Ms.,SR
000047320,Dara,Johnson,Lottie,Mr.,SR
000483911,David,Hudson,Tara,Ms.,SR
000488998,Roger,Hall,Juan,Ms.,SR
000334917,Katherine,Bennett,Angie,Ms.,SR
000049661,Samuel,Rife,Gary,Mr.,JR
000986575,Billy,Kiffer,Stephanie,Mr.,SR
000488291,Melvin,Williams,Annie,Mr.,SR
000439844,Damon,Henry,Kristina,Ms.,JR
000323702,Matthew,Oman,Wesley,Ms.,JR
000487130,Timothy,Davis,Laura,Ms.,JR
000963825,Jon,Johnson,Donna,Ms.,SR
000522574,Amanda,Maas,Larry,Ms.,SO
000457085,Rebecca,Bilodeau,Peter,Ms.,SO
000273498,Laurel,Klase,Eugene,Mrs.,JR
000888589,George,Lamb,Sheree,Ms.,SO
000986319,Elizabeth,Porter,Kyle,Ms.,FR
000428315,Lucille,Smit,Jennifer,Ms.,FR
000055431,Shaun,Powless,Antone,Ms.,SR
000958269,Gregory,Walker,Kathleen,Ms.,SO
000871035,Aaron,Block,Rodney,Mr.,SR
000995731,Linda,Leisure,Tanisha,Ms.,JR
000195002,Anthony,Perry,Martin,Mr.,SR
000981332,John,Carpenter,Michael,Ms.,FR
000717012,Jean,Orabuena,Patricia,Mrs.,SR
000987071,William,Easton,Harry,Ms.,SO
000123470,George,Gaitan,Nellie,Ms.,FR
000258500,Mamie,Smith,Eric,Ms.,JR
000160083,Kenneth,Digirolamo,Jacqueline,Ms.,JR
000199013,Sofia,Fulcher,Augusta,Ms.,JR
000759508,Robert,Montes,Joseph,Ms.,JR
000425948,Doris,Stefaniak,Albert,Ms.,SO
000895690,Thomas,Huff,Ervin,Ms.,JR
000284553,John,Carpenter,Ana,Ms.,SO
000170865,John,Bledsoe,Kimberly,Ms.,SR
000345186,Blake,Mack,Ashley,Mrs.,SR
000140523,Michael,Lepley,Rebecca,Mr.,SO
000099379,Adam,Rogers,Melissa,Mr.,SR
000010669,Scott,Warren,Freda,Mr.,SR
000317826,Melissa,Mcnair,Joseph,Mr.,SR
000805053,William,Roth,William,Mr.,SR
000387888,Gina,Potter,Billy,Ms.,FR
000375591,Walter,Kenyon,Blanche,Ms.,SR
000457116,Keith,Tremblay,Edith,Mr.,JR
000340832,Denise,Barnett,Perry,Mr.,SO
000738618,Joan,Kinney,James,Ms.,SR
000685764,Olga,Stevens,Frank,Mr.,SR
000497357,John,Semple,Nicholas,Mrs.,SR
000443378,William,Daugherty,Velma,Ms.,SR
000834152,Richard,Muniz,Steven,Mr.,SR
000225942,Doris,Adami,Jospeh,Ms.,SR
000839696,Filiberto,Garcia,Gregory,Mr.,SR
000796166,Joseph,Burrowes,Patrick,Mrs.,SR
000753448,Justin,Adkins,Michael,Ms.,GR
000185167,Walter,Larson,Julio,Ms.,GR
000613467,Thanh,Vaca,Colleen,Mr.,GR
000918094,Kimberly,Bennett,Susie,Mrs.,GR
000852120,Chad,Polk,Joshua,Ms.,GR
000788383,Milton,Scarborough,Dolores,Ms.,GR
000843282,Patricia,Hicks,Megan,Mrs.,GR
000029050,Frances,Krell,Juan,Mr.,GR
000967239,Leslie,Smith,Cherie,Mr.,GR
000151484,Victoria,Anderson,Sylvester,Ms.,GR
000500933,Roger,Lambert,Kellie,Ms.,GR
000989029,Joyce,Howard,Ethel,Ms.,GR
000831943,Olive,Engle,Johanna,Mrs.,GR
000055275,Albert,Velez,Jennifer,Mrs.,GR
000755385,Samuel,Thomas,Nell,Mr.,GR
000310804,Kenneth,Norris,Leonardo,Mrs.,GR
000947951,Rickey,Prince,John,Ms.,GR
000956808,Alda,Lewis,Stanley,Ms.,GR
000692170,Verla,Smallwood,Cristina,Ms.,SR
000161026,Keli,Cofer,Rita,Mr.,JR
000381649,Thomas,Devers,Hattie,Ms.,SO
000074740,Betty,Helton,Paula,Mr.,JR
000051062,Jaime,Bell,Joshua,Mr.,SR
000803570,Ruth,Thomas,Jeanne,Mr.,JR
000125639,John,Copeland,Silvana,Mr.,SO
000141815,Angela,Lebarron,Jami,Mr.,SR
000477967,Beverly,Thomas,Angel,Mr.,GR
000032556,Joyce,Taylor,Shelia,Mrs.,GR
000453174,Nina,Miller,William,Ms.,GR
000322984,Raymond,Dyal,Linda,Mrs.,GR
000129654,Lois,Brown,Christen,Ms.,GR
000207054,Frank,Beattie,Marietta,Ms.,GR
000811901,Frederick,Rivera,Robert,Mrs.,GR
000605436,David,Thacker,Chrystal,Mr.,FR
000098832,Fred,Merritt,Lydia,Mr.,SU
000295688,Daphne,Fisher,Randy,Mr.,SU
000057317,Gladys,Thompson,Anastasia,Ms.,FR
000190734,Howard,Jones,Helen,Ms.,SO
000632850,Vicki,Semaan,Agnes,Ms.,FR
000032402,Sara,Hartnett,Timothy,Ms.,SO
000439071,Michael,Cisneros,Betty,Mr.,SR
000865873,Mary,Caswell,Lesley,Mr.,SO
000241564,Ivan,Rico,Mary,Mr.,SO
000848156,Pamela,Barbre,Shelly,Mr.,FR
000200213,Larry,Lo,Carl,Mr.,SO
000012704,John,Hafele,Jeff,Ms.,SO
000857666,Irwin,Apodaca,Larry,Ms.,SO
000150524,Nancy,Woolley,Bruce,Mr.,JR
000243814,Julie,Camacho,Joseph,Mr.,SO
000303516,Wayne,Ruiz,Mark,Ms.,FR
000875017,Dorothy,Thibodeau,Terry,Ms.,FR
000539290,Amanda,Diaz,Estelle,Mr.,FR
000535057,Lyndsey,Kleinke,Irene,Mr.,FR
000956647,Donna,Johnson,Darius,Ms.,SO
000264497,Terry,Saiz,Billy,Ms.,JR
000306074,Mary,Kaelin,Alan,Ms.,SO
000864143,Susan,Mcdonald,Vivian,Ms.,SO
000029937,Kelly,Ellman,Matthew,Ms.,SO
000708807,Irene,Denton,Jane,Ms.,SO
000048876,Ryan,Ruesga,Crystal,Mr.,FR
000325218,Susan,Betz,Erik,Ms.,SO
000892192,Matthew,Wright,Virginia,Ms.,SU
000720321,Robert,Miles,Thomas,Ms.,SO
000777857,Leslie,Littleton,Richard,Ms.,SO
000265775,Martin,Northrup,Shirley,Ms.,SO
000722793,Adam,Betters,Jill,Ms.,SO
000027948,Shirley,Burns,Delores,Ms.,SO
000921721,Barbara,Lindsey,Gail,Mr.,SO
000065797,Christopher,Mccloud,Joseph,Mr.,SO
000844774,Raymond,Wheeler,Dorothy,Mr.,SO
000930468,Susan,Parks,Charles,Ms.,SO
000001391,Melvin,Jackson,John,Mrs.,SO
000575191,Donald,Elswick,Noelle,Mrs.,SO
000278037,Joanna,Reaves,Elizabeth,Ms.,FR
000545559,Rhonda,Reed,Elizabeth,Ms.,SO
000240180,Bonnie,Gill,Cheryl,Mr.,SO
000158731,Danielle,Calderin,Calvin,Mr.,SO
000179698,Dena,Prohaska,Joseph,Ms.,FR
000561014,Donald,Prewitt,Gary,Mr.,SO
000079776,Dwayne,Chaffin,William,Mr.,SO
000323335,Lakisha,Reynolds,Danny,Ms.,SO
000272554,Robert,Wyatt,Warren,Ms.,SO
000096211,Ann,Baca,Timothy,Mr.,FR
000479739,Tiffany,Barnhart,Scott,Mr.,SO
000933775,Willa,Buster,Cara,Ms.,SO
000578790,Andrea,Orvis,Betty,Mr.,SO
000288042,Leona,Tompkins,Dan,Mr.,SO
000962915,Jeanette,Pickens,Donald,Mr.,FR
000465963,Catherine,Lashbrook,Maureen,Ms.,FR
000825825,Marguerite,Clark,Sheri,Mr.,FR
000094566,Laura,Hart,Mary,Mr.,SO
000642015,Ralph,Martin,Rosalyn,Mr.,SO
000201820,Alison,Torrez,Susan,Mr.,SO
000412277,Susan,Roberts,June,Mr.,FR
000214864,Dorothy,Hodge,Jewell,Mr.,FR
000620112,Christine,Pugh,Ian,Mr.,JR
000117902,Clifford,Taylor,James,Mr.,JR
000991338,Rogelio,Hudson,Carolyn,Ms.,SO
000236138,Ruben,Rossi,Bill,Mr.,FR
000502159,Dorothy,Sullivan,Kim,Mr.,SO
000349412,Jesse,Roland,Kenneth,Mr.,FR
000036745,Dorothy,Garcia,James,Ms.,SO
000296239,Yolando,Bever,Robert,Mr.,FR
000581448,Carolyn,Mccrory,Gary,Ms.,SO
000310155,Alice,Musich,Jack,Ms.,FR
000745610,Charles,Gentner,John,Mr.,SO
000320762,Frances,Irland,Richard,Mr.,FR
000779744,Mark,Lehr,Julia,Mr.,FR
000650019,Colleen,Tocco,Lawrence,Mr.,SO
000507694,Ava,Nguyen,William,Ms.,SO
000185512,April,Bluestein,Arlene,Mr.,FR
000531592,James,Bailey,Steven,Ms.,SO
000361591,Ruth,Johnson,Elvin,Mr.,SO
000897975,Robin,Floyd,John,Mr.,SO
000201907,Becky,Johnson,Tracey,Ms.,FR
000646069,Jeremy,Collinsworth,Arthur,Ms.,SO
000139891,Edward,Marquez,Paulette,Ms.,FR
000318979,Angelo,Morin,Jeffrey,Ms.,SO
000948480,Samuel,Trager,Elizabeth,Ms.,JR
000483155,Patricia,Jackson,Owen,Ms.,SR
000864460,Wayne,Langford,Robert,Ms.,SO
000826378,Gary,Freed,Maria,Ms.,SR
000690772,Kenneth,Yepsen,Beverly,Ms.,JR
000818038,Edith,Thornton,Bertha,Ms.,JR
000116738,Jessica,Shepard,Linda,Ms.,JR
000511022,Kevin,Miller,Cornelius,Mr.,SO
000600949,Tameka,Baker,Jeffery,Mr.,JR
000943046,Dennis,Still,Joyce,Ms.,JR
000379303,Kenneth,Kassler,Bonnie,Ms.,SR
000907423,Michael,Reyes,Edie,Ms.,SR
000801961,Michael,Mcfarland,Pamela,Ms.,JR
000159231,Bessie,Hunter,Brian,Ms.,SR
000254883,Joey,Moton,Lavon,Ms.,SR
000789598,David,Campbell,Dennis,Mr.,JR
000473298,Maurice,Wilson,Lisa,Ms.,SO
000006176,Heidi,Landry,Linda,Mr.,JR
000871940,Steven,Cunningham,Pauline,Ms.,JR
000640552,Bridget,Foley,Ira,Ms.,SR
000528540,Yolanda,Ripple,Mark,Ms.,SR
000778269,Dale,Hurst,Noemi,Ms.,SO
000591844,Jennifer,Bohman,Daniel,Mr.,JR
000920897,Eileen,Ringler,Justin,Mr.,SR
000060399,Lou,Alexander,Lindsey,Ms.,JR
000809268,Wayne,Perkins,Joseph,Mr.,JR
000709593,Ella,Abbott,Michael,Ms.,SR
000923837,Richard,Thomas,Joann,Ms.,JR
000962503,Carmen,Rich,Candace,Mr.,SO
000717123,Kim,Young,Doris,Mr.,JR
000673744,Craig,Grudem,Earl,Ms.,JR
000480753,Zenia,Bieniek,Bertha,Ms.,JR
000774657,Arthur,Bracken,Carlos,Ms.,SR
000217028,Thomas,Stanley,Janie,Ms.,SR
000342890,Anne,Stcharles,Gary,Mr.,JR
000092016,Charles,Mccraken,Daryl,Mr.,SR
000183418,Amy,Dearth,Steve,Ms.,SR
000832052,Anthony,Jervey,Kevin,Mr.,SR
000313740,Cindy,Grabau,Aurelia,Mr.,SR
000728600,Meagan,Ortiz,Martin,Ms.,SR
000657638,Delia,Hagins,Beverly,Mrs.,SR
000596770,Charles,Naval,Deane,Mr.,SR
000243784,Daniel,Bowen,Joann,Ms.,SR
000638320,Benjamin,Schmidt,Andre,Mr.,SR
000616789,Debora,Waage,John,Mr.,SR
000424530,John,Hall,Robert,Ms.,SR
000932200,Harold,Maio,Gail,Mr.,SR
000350387,Gladys,West,Ruth,Ms.,SR
000693377,Randy,Cornell,Robert,Mr.,SR
000317605,Lamar,Sayles,Steven,Ms.,SR
000653614,Kenneth,Weeks,Marjorie,Mr.,SR
000225842,Charlotte,Perry,Mary,Ms.,SR
000509964,Margaret,New,Patricia,Ms.,SR
000482763,Viola,Jones,Tasha,Mrs.,SR
000755804,Manuel,Edwards,Theodore,Ms.,SR
000148397,James,Carlson,Daniel,Ms.,JR
000040025,Cristy,Rosales,Howard,Ms.,SR
000991178,Ron,Reyna,Cheryl,Mr.,JR
000379273,Harvey,Osorio,Frank,Mr.,SR
000359344,Donald,Garza,Gary,Mr.,SR
000825156,Brenda,Shrout,Andy,Mr.,SR
000587021,Susan,Bennett,Carma,Mr.,JR
000674755,William,Carr,Lois,Mr.,JR
000673893,Michael,Hartwell,Russell,Ms.,SR
000421838,Rex,Misiak,Ruby,Ms.,SR
000328593,Susan,Simmons,Jean,Mr.,SR
000123427,Pearl,Jackson,Jordan,Ms.,SR
000817566,Caitlin,Sommer,Adele,Ms.,SR
000532213,Randall,Mirsky,Linda,Ms.,SR
000043044,Dennis,Gorman,Rasheeda,Mr.,SR
000917271,Dewey,Evans,Chris,Ms.,SR
000020868,Hollis,Sanchez,Leticia,Mr.,SR
000686479,Lewis,Surles,Tonya,Ms.,SR
000326738,Richard,Greek,Maria,Mr.,SO
000279789,Kerry,Mccullough,Heath,Mr.,SR
000472667,Kymberly,Porter,Louis,Ms.,SR
000077869,Kenneth,Williams,Florence,Mr.,SR
000789590,Ruth,Santiago,Kevin,Ms.,JR
000684488,Franchesca,Barden,Helen,Ms.,SR
000951682,Donald,Mcculler,Lorenzo,Mr.,GR
000112936,Micheal,Hefferman,Andre,Ms.,GR
000267921,Shirley,Kohl,Anthony,Ms.,GR
000041584,Eldon,Vaughn,Louise,Mr.,SR
000876313,Michael,Wilson,Joseph,Mr.,GR
000517220,Adam,Richard,Hilda,Mrs.,GR
000344608,Lucy,Oneill,Jeff,Ms.,GR
000267905,Victoria,Jones,Bill,Ms.,GR
000926871,Richard,Simpson,Samuel,Ms.,GR
000906199,Micheal,Foley,Cassie,Mr.,GR
000742481,Dale,Baxter,David,Ms.,GR
000025508,Roberto,Dennis,Melvin,Ms.,SR
000950305,Wallace,Reynolds,Virginia,Mrs.,SR
000976709,Craig,Turner,Julie,Mr.,SR
000704260,Miguel,Powers,Kevin,Mr.,SR
000422376,Bryon,Wells,Dorothy,Mr.,SR
000749208,George,Clabaugh,Jane,Mrs.,SR
000329057,Dale,Mccracken,James,Mrs.,SR
000855367,Deborah,Briseno,Ryan,Ms.,JR
000105869,Thomas,Ruiz,Nicole,Ms.,SR
000060799,Jackie,Buhr,James,Mrs.,SO
000241679,Alfred,Golden,John,Ms.,SR
000864069,Karen,Richardson,Alberta,Ms.,JR
000776521,Denise,Hood,Michael,Ms.,SR
000780527,Errol,Russey,Joann,Mr.,SR
000532708,Katharine,Robertson,Ronald,Ms.,SR
000438523,Henry,Rush,Howard,Ms.,SO
000451717,Christian,Utley,Tom,Mr.,JR
000844870,Earlene,Dalphonse,Bobby,Ms.,SR
000572483,Cary,Daniels,Jamie,Mr.,SR
000446016,Sheila,Bunn,Kimberly,Ms.,SR
000526280,Jose,Rodriguez,David,Mr.,JR
000420469,Shirley,Rios,Mariano,Ms.,SR
000526037,Joey,Moran,Marvin,Mr.,SO
000388873,Amanda,Vanmeter,Linda,Ms.,SR
000180484,Danny,Rush,Thomas,Mr.,SR
000674946,Dwana,Nyland,Rosalind,Mr.,SR
000316862,Iva,Haskett,Allen,Ms.,SO
000709772,Lenora,Wise,Mabel,Mr.,JR
000261085,Jose,Salazar,Anthony,Mr.,SR
000901174,Joseph,Palmer,Ronald,Ms.,SR
000617529,Nichole,Jenkins,Eva,Ms.,SR
000532576,Timothy,Gray,Robert,Mr.,SR
000519249,Sylvia,Coleman,Travis,Ms.,SO
000095160,Beatrice,Mcdonald,David,Mr.,JR
000226235,Karen,Mccutcheon,Annita,Ms.,SR
000000641,Thurman,Harding,Rhonda,Ms.,JR
000983174,Ronald,Laporte,Houston,Mr.,SR
000184842,Geraldine,Bonney,Josephine,Mr.,SR
000704066,Catherine,Zirkle,Rosa,Ms.,SR
000215941,Stephanie,Barrett,Victor,Ms.,JR
000980900,Linda,Holleran,Fern,Ms.,JR
000904419,John,Evans,Darrell,Mr.,SR
000560970,David,Gomez,Ada,Ms.,SR
000543126,Emily,Stribley,Rosario,Mr.,SR
000780769,Diane,Decourcey,David,Mrs.,SR
000121227,Esther,Callan,Terrence,Mr.,SR
000382639,David,Broadus,Ivan,Ms.,SR
000476046,Herbert,Walker,Betty,Mr.,SR
000538976,Guy,Wright,Carlos,Mr.,SR
000444454,Oma,Tyler,Jesse,Mr.,JR
000242158,Helen,Williams,Joseph,Mr.,SR
000253312,Phillip,Hamilton,Micheal,Mr.,SR
000101100,Samuel,Hankin,Bruce,Mr.,SR
000926023,Gary,Cline,Ronnie,Ms.,SR
000562103,John,Earley,Susan,Mr.,SR
000211848,Douglas,Donoho,Henry,Mr.,SR
000989771,Priscilla,Rodrigues,John,Mr.,SR
000536839,Delmar,Sayed,Herbert,Ms.,SR
000035400,Sharon,Osborne,Richard,Mr.,JR
000790627,James,Myers,Christopher,Ms.,SR
000858716,Helen,Cranford,Ruthann,Mr.,SR
000117564,Chester,Proffitt,Breann,Mr.,SO
000665725,Elmer,Mandel,Rebecca,Ms.,SO
000523292,Clara,Hecker,Janet,Ms.,SR
000034363,Julie,Barette,James,Mr.,SO
000105751,Mark,Melby,William,Ms.,JR
000960832,Chong,Moody,Judith,Mr.,SR
000751572,Selma,Davis,June,Ms.,SO
000473650,Christal,Walker,Christopher,Ms.,FR
000423785,Zachary,Davenport,Jeffrey,Ms.,SO
000139708,John,Grey,Darrell,Ms.,FR
000548130,William,Clark,Tatiana,Mr.,SO
000204811,Brandon,Dykes,Brian,Mr.,SO
000533555,James,Maxie,Robert,Mr.,SO
000113560,Crystal,Mcdonald,Matilda,Mrs.,SR
000844271,Thomas,Shipp,Kelvin,Mr.,SO
000616586,Jeffery,Mahoney,Barbara,Mr.,FR
000591289,David,Whitaker,Gerald,Mr.,SO
000298689,Beth,Groeneweg,Patricia,Ms.,SO
000633271,Martin,Valentin,Donald,Mr.,SR
000825734,Errol,Brown,Carl,Ms.,FR
000586945,Marcus,Hull,Violet,Ms.,JR
000142275,Charles,Tillman,Earnest,Ms.,SO
000703091,Cindy,Murray,Pearle,Mr.,FR
000863083,Gertrude,Hartshorn,Mindy,Ms.,FR
000193318,Linda,Galvan,Robert,Mr.,SO
000273975,Adan,Matthews,Curtis,Ms.,SO
000511558,Bryon,Placencia,Joseph,Ms.,FR
000493562,Joanna,Crase,Cecilia,Mr.,SR
000779905,Mary,Patel,Catherine,Mr.,JR
000715101,Caitlyn,Mccleese,Scott,Mr.,SR
000557298,Cynthia,Henderson,Lesley,Mr.,JR
000750530,Russell,Hatcher,James,Ms.,JR
000235257,Ossie,Cowell,Anita,Mr.,SR
000271051,James,Forsyth,Blanche,Mr.,SO
000884847,John,Wisneski,Josephine,Ms.,SO
000407353,Kathleen,Paris,Ruth,Ms.,SR
000641452,Andrew,Head,Benjamin,Mr.,SR
000029298,Stephanie,Bender,Sandra,Mr.,JR
000465085,Donald,Hewitt,George,Ms.,JR
000184111,Eloisa,Mccurdy,Theresa,Mr.,SR
000728380,Patricia,Raymond,Donna,Ms.,FR
000886793,Robert,Phillips,Gail,Ms.,SR
000173716,Lou,Williams,Ashley,Mr.,SR
000368607,Allyson,Fortner,Ruth,Ms.,SR
000555650,Julissa,Estimable,Waldo,Mr.,SR
000469607,John,Matzke,Carolyn,Mr.,JR
000427910,Rosa,Sanford,Carter,Ms.,JR
000381906,David,Vaught,Elizabeth,Mr.,SR
000622821,Ouida,Embree,Marvella,Mr.,SO
000050525,Dulcie,Gioia,Armando,Mr.,SO
000154577,Rebecca,Waller,Diana,Ms.,SR
000016912,James,Stanford,Michael,Ms.,JR
000287415,Madlyn,Shockey,Parker,Mr.,SR
000950334,Woodrow,Webster,Jason,Mr.,SR
000453408,Daniel,Golka,Carla,Mrs.,SR
000828501,Kathy,Chambers,Brian,Mr.,SR
000731287,Tim,Funderburk,Candyce,Ms.,JR
000198120,David,Gonzales,Shirley,Mr.,JR
000235873,Michelle,Burns,Janet,Mr.,JR
000370728,Robert,Baldwin,Leroy,Mrs.,JR
000568327,Tu,Quinlan,Clara,Mr.,SR
000465029,Daniel,Hoagland,Felicia,Ms.,JR
000852403,Louis,Ramirez,Anthony,Mr.,SO
000371827,Daniel,Garrett,Gloria,Ms.,JR
000895768,Paul,Townsend,Katie,Mr.,SR
000993463,Stephanie,Colburn,Julian,Mr.,JR
000127337,Margaret,Prine,Arthur,Ms.,SO
000680862,Kathryn,Sharp,Carolyn,Ms.,JR
000014592,Donald,Mcdermott,Joe,Mr.,FR
000947134,Doris,Stanley,Mary,Mr.,SO
000119461,Kathleen,Harrison,Patricia,Mr.,SO
000635347,Maria,Sheldon,William,Mr.,SO
000085791,Rachel,Theobald,Timothy,Mr.,JR
000847854,Keith,Corder,Brenda,Mr.,JR
000080478,Francis,Wright,Fred,Mr.,JR
000179992,Dale,Manuel,David,Ms.,SR
000354423,Sarah,Simmons,Robert,Mr.,SR
000992779,Margaret,Daniels,Rebecca,Ms.,SO
000677619,Jessica,Windham,William,Mr.,SR
000545069,Alfonso,Conant,David,Mr.,SO
000411948,Jeffrey,Chesser,Robert,Mr.,JR
000991177,Gary,Wells,Anna,Ms.,SR
000282014,Kyle,Apel,Ronald,Ms.,SR
000158482,Timothy,Summerlin,Mary,Mr.,SR
000727927,Mary,Johnson,Michael,Ms.,JR
000956604,Herschel,Wallace,Daniel,Ms.,JR
000876727,Pauline,Niss,Grace,Mr.,SR
000915788,Patricia,Dauzat,George,Mr.,SR
000023211,Cristopher,Nazario,Woodrow,Ms.,SR
000128087,Melissa,Mccauley,Renay,Mr.,SR
000728282,Ashley,Rue,John,Mr.,SR
000828672,James,Franklin,Michel,Mr.,SR
000449379,Cruz,Ratliff,Lisa,Mr.,JR
000179665,Ryan,Chesney,Edith,Ms.,SR
000317480,Frank,Johnson,Douglas,Mr.,SR
000551730,Claire,Carkhuff,Diana,Ms.,JR
000410064,Leroy,Nielson,Diana,Ms.,SR
000905049,Fred,Gaeta,Richard,Ms.,SR
000484768,Elizabeth,Cannon,Kimberly,Mr.,SR
000418128,Kathryn,Hoeft,Lucila,Mr.,SR
000397834,Stuart,Mccullar,Timothy,Mr.,SR
000761488,Jeffrey,Slack,Christine,Mr.,SR
000549372,Arnoldo,Trowery,Florence,Ms.,JR
000650338,Michele,Clark,John,Mr.,SR
000761920,Nancy,Clark,Mario,Mr.,JR
000745412,Andrea,Laferriere,Jerry,Mr.,SR
000324884,Clyde,Urias,Alfonso,Mr.,SR
000692818,Iris,Hufton,Kimberly,Mr.,JR
000644105,Francisca,Arellano,Thomas,Mr.,JR
000248106,Tameka,Maurer,Kenneth,Ms.,JR
000462781,David,Okeefe,Eric,Mr.,SR
000872881,Lucienne,Martin,Sherman,Mr.,SR
000248625,Antonio,Frazier,Robert,Mr.,SR
000916042,Larry,Wages,Charles,Ms.,SR
000786563,Del,Muellerleile,Anthony,Ms.,SR
000825424,Joseph,Phillips,Richard,Mr.,SR
000362953,Marcus,Tyler,Hector,Mr.,JR
000828744,Karl,Gardner,Erin,Mr.,JR
000686675,Jose,Spotwood,Beth,Ms.,SR
000021788,Martha,Fredrick,Larry,Ms.,SR
000770608,Samantha,Schuler,Calvin,Mr.,JR
000551523,Pearl,Mills,Nellie,Mr.,SR
000548303,Richard,Orr,Lonny,Mr.,JR
000813591,George,Simpson,Charlie,Mr.,SR
000183842,Jimmy,Wooten,Nilda,Mr.,SR
000228758,Jimmy,Wyatt,Roberto,Mr.,SR
000563170,Craig,Sullivan,Jeffrey,Ms.,SR
000090741,Marion,Chavez,Violet,Mr.,SR
000513697,Leslie,Bohl,Marie,Ms.,SR
000515406,Jamie,Bickham,Stephen,Mr.,SR
000327361,Frank,Miller,Francine,Ms.,JR
000013699,Eunice,Percell,Gary,Ms.,SR
000543809,Reina,Flom,Gilbert,Ms.,JR
000825324,Antonio,Wolf,Rosalie,Ms.,SR
000035304,Angelo,Chastain,Elizabeth,Mrs.,SR
000540069,Marvin,Earle,Christopher,Ms.,SR
000356590,Susan,Pressley,Gary,Ms.,SR
000780432,Joann,Strang,Thelma,Ms.,SR
000358222,Lonnie,Haven,Frank,Ms.,SR
000308077,Antonio,Bailey,Ricky,Ms.,SR
000576678,Vickie,Campbell,James,Ms.,SR
000590201,Ernest,Blackman,Raymond,Mr.,SR
000978729,Enriqueta,Lueck,Justin,Ms.,SR
000517827,Raymond,Jenkins,Karen,Ms.,SR
000736030,Anthony,Mccord,Terry,Ms.,SR
000510613,Neil,Johnson,Jim,Ms.,SR
000889896,Morris,Chung,Debbie,Ms.,SR
000375020,Kristi,Wheeler,Taylor,Mr.,SR
000323162,Paul,Tullio,Jeffrey,Mr.,SR
000370325,Diana,Alward,Richard,Mr.,SO
000423733,Ricky,Flach,Joanna,Ms.,SR
000598598,Edward,Jones,Janet,Mr.,SR
000835208,Fannie,Garcia,Ossie,Ms.,SO
000536965,Miguel,Connor,Brianne,Mr.,JR
000136122,Casey,Graham,Mary,Ms.,FR
000560671,Robert,Derita,Daphne,Ms.,SO
000247910,William,Mcfarlin,Shirley,Mr.,SR
000589619,Romaine,Flach,Therese,Mr.,SO
000905872,Rita,Dupuis,Martin,Ms.,SR
000729113,Alan,Stamm,Donald,Mr.,JR
000987904,Bryan,Hagan,Margaret,Mr.,SO
000313759,Andre,Buczek,William,Ms.,SO
000069029,James,Goodman,Frank,Mr.,JR
000269346,Lana,Fisher,Loretta,Mr.,SO
000944356,Kristen,Throop,Sylvia,Mr.,SO
000648972,Richard,Harrison,Jason,Mr.,SR
000061336,Nancy,Mason,Ronald,Ms.,SR
000113959,Arturo,Curtis,John,Mr.,SO
000119937,Allison,Mirabal,Richard,Mr.,SO
000717129,Robert,Doman,Ken,Mr.,JR
000453085,Benjamin,Griggs,Roy,Mr.,JR
000678878,Vickie,Moore,Renee,Ms.,GR
000370819,Raymond,Harriott,Gertrude,Mr.,GR
000953114,James,Peters,Betty,Ms.,GR
000017093,Gabriel,Chung,David,Ms.,SR
000618027,Jacob,Walker,Debra,Mr.,GR
000214559,Edward,Wade,Oscar,Ms.,GR
000551515,Jose,Simmons,Susan,Mrs.,GR
000720935,Marlene,Curry,Colette,Mr.,GR
000496321,Clyde,Potter,Sonja,Mr.,GR
000565189,Richard,Vasquez,Jeannette,Mr.,GR
000442259,Christina,Sewell,Debbie,Mr.,GR
000449005,Damien,Pauley,Travis,Mr.,SR
000194932,Gina,Albright,Gloria,Ms.,GR
000322031,James,Fowler,Barbara,Mr.,GR
000299990,Andre,Jones,William,Ms.,GR
000451204,Brandi,Jenkins,David,Mr.,GR
000629461,Patrica,Hooks,Katharine,Ms.,SR
000164563,Teresa,Ramsay,William,Mr.,GR
000170396,Lydia,Campbell,Allen,Mr.,SR
000437484,Veronica,Boots,Cheryl,Mr.,GR
000350683,Lena,Pugh,Pamela,Mr.,GR
000204575,Amy,Favila,Jean,Mr.,GR
000500607,Nancy,Jones,Barbara,Ms.,GR
000378544,Norma,Cochran,Renee,Mr.,GR
000283356,Ted,Ellison,Richard,Mrs.,GR
000288124,Evelyn,Hudson,Justin,Mr.,GR
000949200,Mary,Pasculli,Jane,Ms.,GR
000741096,William,Toyoshima,Ruth,Ms.,SR
000818937,Cathy,Berry,Carlos,Ms.,GR
000984731,Elyse,Pince,Dorothy,Mrs.,SR
000967961,James,Love,John,Ms.,GR
000837262,Jennifer,Blanchard,Bernita,Mr.,GR
000615947,Jennifer,Parker,Marjorie,Mr.,SR
000087859,Jeremiah,Hudman,James,Mr.,SR
000400776,Sonja,Norton,Lizzie,Mr.,SR
000360653,Alvin,Lamar,Greg,Mr.,GR
000779714,Elizabeth,Kitchen,Antonio,Mr.,GR
000346588,Blanca,Clark,Tad,Mr.,GR
000778563,Christa,Thomas,Patricia,Mr.,GR
000999734,Gertrude,Leclerc,Chris,Ms.,GR
000828590,Helen,Mathews,Monique,Ms.,GR
000848965,Luis,Perez,Calvin,Mr.,GR
000863339,Gloria,Johnson,Juan,Mrs.,GR
000583976,Douglas,Shanks,Michael,Mr.,GR
000054561,Ward,Greco,Gena,Mr.,JR
000366936,Bernard,Dente,Kristen,Ms.,JR
000899680,Eric,Herr,Hector,Mr.,FR
000025484,Richard,Spina,Norman,Ms.,SO
000274116,Dean,Hale,Robert,Ms.,SO
000382683,Teresa,Copeland,Preston,Ms.,SO
000191266,John,Roush,Frank,Ms.,SO
000883718,Kate,Seymour,Traci,Ms.,SO
000340226,Edwin,Fulk,James,Mr.,JR
000457447,Paige,Romo,Linda,Mr.,SO
000556931,Robert,Anwar,Edith,Ms.,SO
000968728,Elvira,Baker,Henry,Ms.,SO
000986201,Nellie,Wright,Timothy,Ms.,SO
000854747,Ann,Arevalo,Sharon,Mr.,SO
000560179,Patricia,Carroll,Clyde,Ms.,SR
000358418,Robbie,Sneed,Jesus,Ms.,JR
000643279,Jeremy,Long,Theo,Ms.,SO
000264129,Wallace,Heron,Stephen,Mr.,SO
000473863,Joseph,Overton,Aaron,Ms.,SO
000848539,Winona,Ross,Robert,Mr.,SO
000041178,Jonathan,Mccall,George,Ms.,SO
000487806,Naomi,Haslam,Lawrence,Mr.,SO
000349924,Daniel,Shaw,Katrina,Mr.,JR
000737869,Edna,Burton,Henry,Ms.,JR
000414561,Irene,Rutter,Patrick,Mr.,FR
000230458,Elias,Lyons,Kimberly,Ms.,SO
000393673,Bryan,Mckenzie,Marvin,Mr.,FR
000402031,John,Walton,Daniel,Mr.,SO
000052770,Vivian,Crockett,Krissy,Ms.,SR
000171610,Scott,Francis,Janice,Mr.,SO
000741956,Jessica,Weishaar,Berta,Mr.,SR
000366973,Joseph,Haynes,Monica,Ms.,JR
000191443,Jose,Lindsey,Clarence,Mr.,SR
000879362,Tyrone,Morgan,Neil,Mrs.,SR
000873791,Luis,Silva,Craig,Mrs.,SR
000497525,Louis,Libby,Richard,Ms.,SR
000502381,Mary,Seldon,Karen,Ms.,SR
000719195,Donita,Barnett,Alexis,Ms.,SR
000577530,Yvonne,Mcclendon,Paul,Mr.,SR
000228813,David,Buckner,David,Mr.,SR
000048450,Fletcher,Cowan,Gloria,Mr.,SR
000415251,Louise,Reece,Leonard,Mr.,SR
000640995,Robert,Perez,Diane,Ms.,SR
000989315,Richard,Hardy,Jeffrey,Mrs.,SR
000850143,Mayra,West,Richard,Ms.,SR
000926511,Patricia,Natcher,Elizabeth,Mr.,SR
000304498,Lucinda,Matthias,Vernon,Ms.,SR
000016318,Jane,Ramirez,Jayna,Ms.,JR
000648255,Claudine,Spaniel,Jacquelyn,Ms.,SR
000470705,Ronald,Wagner,Maritza,Mrs.,JR
000451151,Matthew,Hoff,Vanetta,Mrs.,SR
000069786,Thomas,Rembert,Larry,Ms.,JR
000580196,James,Smith,Joyce,Mrs.,SR
000996398,Kenneth,Crenshaw,Pearl,Ms.,SO
000931330,Cindy,Larson,Angela,Ms.,SR
000707767,Dorothy,Maness,Cristen,Ms.,JR
000997320,Jean,Longoria,Nell,Ms.,JR
